word,post_count,title_count,game
fallout,11069.0,6595.0,Fallout
game,8234.0,995.0,Fallout
just,7008.0,426.0,Fallout
like,6392.0,385.0,Fallout
new,5096.0,1640.0,Fallout
know,3563.0,269.0,Fallout
ve,3442.0,157.0,Fallout
don,2780.0,148.0,Fallout
vegas,2756.0,1243.0,Fallout
https,2659.0,,Fallout
time,2656.0,228.0,Fallout
really,2502.0,134.0,Fallout
play,2430.0,401.0,Fallout
think,2410.0,259.0,Fallout
want,2327.0,193.0,Fallout
people,2271.0,147.0,Fallout
com,2264.0,,Fallout
make,2264.0,225.0,Fallout
mods,2212.0,515.0,Fallout
way,2101.0,193.0,Fallout
good,2062.0,274.0,Fallout
games,1980.0,278.0,Fallout
vault,1924.0,255.0,Fallout
got,1890.0,149.0,Fallout
help,1782.0,725.0,Fallout
world,1781.0,246.0,Fallout
mod,1751.0,467.0,Fallout
playing,1716.0,227.0,Fallout
esp,1611.0,,Fallout
does,1463.0,403.0,Fallout
quest,1463.0,216.0,Fallout
played,1442.0,104.0,Fallout
amp,1429.0,,Fallout
armor,1408.0,243.0,Fallout
story,1398.0,121.0,Fallout
ncr,1388.0,129.0,Fallout
better,1339.0,126.0,Fallout
use,1324.0,137.0,Fallout
did,1319.0,188.0,Fallout
character,1291.0,162.0,Fallout
power,1282.0,221.0,Fallout
76,1272.0,798.0,Fallout
dlc,1218.0,275.0,Fallout
bethesda,1208.0,271.0,Fallout
going,1202.0,,Fallout
need,1155.0,416.0,Fallout
lot,1127.0,,Fallout
start,1105.0,175.0,Fallout
institute,1094.0,146.0,Fallout
feel,1084.0,,Fallout
things,1078.0,,Fallout
maybe,1075.0,,Fallout
far,1074.0,107.0,Fallout
work,1074.0,112.0,Fallout
legion,1062.0,,Fallout
war,1060.0,99.0,Fallout
weapons,1059.0,145.0,Fallout
brotherhood,1059.0,154.0,Fallout
didn,1049.0,,Fallout
tried,1048.0,,Fallout
love,1045.0,101.0,Fallout
best,1036.0,350.0,Fallout
thing,1031.0,,Fallout
say,1024.0,,Fallout
great,1016.0,,Fallout
wasteland,1011.0,102.0,Fallout
right,1009.0,,Fallout
level,1008.0,90.0,Fallout
doesn,997.0,,Fallout
www,997.0,,Fallout
main,981.0,,Fallout
years,955.0,,Fallout
city,953.0,,Fallout
10,935.0,97.0,Fallout
having,921.0,97.0,Fallout
fix,917.0,134.0,Fallout
trying,908.0,,Fallout
gt,907.0,,Fallout
try,900.0,,Fallout
enclave,894.0,113.0,Fallout
point,893.0,,Fallout
kill,892.0,,Fallout
old,881.0,92.0,Fallout
xbox,873.0,356.0,Fallout
actually,870.0,,Fallout
different,853.0,,Fallout
let,850.0,,Fallout
nv,840.0,318.0,Fallout
started,840.0,,Fallout
doing,838.0,,Fallout
quests,826.0,,Fallout
sure,824.0,,Fallout
pretty,823.0,,Fallout
run,819.0,134.0,Fallout
build,815.0,171.0,Fallout
ll,814.0,,Fallout
place,813.0,,Fallout
factions,783.0,,Fallout
long,781.0,,Fallout
getting,776.0,123.0,Fallout
fo4,,599.0,Fallout
question,,351.0,Fallout
fnv,,224.0,Fallout
pc,,216.0,Fallout
series,,206.0,Fallout
ps4,,195.0,Fallout
bug,,186.0,Fallout
favorite,,185.0,Fallout
nuka,,172.0,Fallout
glitch,,159.0,Fallout
frontier,,157.0,Fallout
fo3,,155.0,Fallout
idea,,147.0,Fallout
spoilers,,145.0,Fallout
worth,,130.0,Fallout
looking,,129.0,Fallout
faction,,127.0,Fallout
steam,,121.0,Fallout
crashing,,121.0,Fallout
steel,,115.0,Fallout
buy,,114.0,Fallout
post,,113.0,Fallout
guys,,113.0,Fallout
weapon,,113.0,Fallout
ending,,112.0,Fallout
survival,,110.0,Fallout
save,,106.0,Fallout
settlement,,102.0,Fallout
companion,,100.0,Fallout
working,,100.0,Fallout
playthrough,,99.0,Fallout
player,,97.0,Fallout
won,,97.0,Fallout
creation,,97.0,Fallout
future,,97.0,Fallout
tips,,96.0,Fallout
fo76,,95.0,Fallout
bos,,94.0,Fallout
game,3713.0,510.0,Grand Theft Auto
gta,3267.0,1607.0,Grand Theft Auto
just,2911.0,166.0,Grand Theft Auto
like,1855.0,105.0,Grand Theft Auto
amp,1725.0,,Grand Theft Auto
online,1710.0,652.0,Grand Theft Auto
know,1635.0,104.0,Grand Theft Auto
play,1542.0,226.0,Grand Theft Auto
https,1527.0,,Grand Theft Auto
ve,1480.0,,Grand Theft Auto
help,1387.0,699.0,Grand Theft Auto
time,1277.0,106.0,Grand Theft Auto
got,1197.0,96.0,Grand Theft Auto
don,1155.0,,Grand Theft Auto
new,1102.0,224.0,Grand Theft Auto
money,1062.0,233.0,Grand Theft Auto
rockstar,1043.0,266.0,Grand Theft Auto
want,1041.0,57.0,Grand Theft Auto
com,869.0,,Grand Theft Auto
heist,859.0,395.0,Grand Theft Auto
people,846.0,105.0,Grand Theft Auto
playing,842.0,76.0,Grand Theft Auto
tried,839.0,,Grand Theft Auto
pc,835.0,413.0,Grand Theft Auto
car,830.0,204.0,Grand Theft Auto
does,808.0,179.0,Grand Theft Auto
way,798.0,145.0,Grand Theft Auto
need,795.0,298.0,Grand Theft Auto
really,785.0,,Grand Theft Auto
games,769.0,194.0,Grand Theft Auto
make,746.0,108.0,Grand Theft Auto
buy,735.0,120.0,Grand Theft Auto
story,735.0,235.0,Grand Theft Auto
mission,709.0,133.0,Grand Theft Auto
mode,696.0,222.0,Grand Theft Auto
x200b,668.0,,Grand Theft Auto
account,636.0,99.0,Grand Theft Auto
did,602.0,73.0,Grand Theft Auto
fix,591.0,58.0,Grand Theft Auto
missions,586.0,110.0,Grand Theft Auto
free,579.0,127.0,Grand Theft Auto
launcher,574.0,122.0,Grand Theft Auto
steam,566.0,117.0,Grand Theft Auto
www,565.0,,Grand Theft Auto
ps4,557.0,357.0,Grand Theft Auto
cars,553.0,129.0,Grand Theft Auto
use,538.0,65.0,Grand Theft Auto
getting,528.0,80.0,Grand Theft Auto
bought,528.0,,Grand Theft Auto
problem,525.0,117.0,Grand Theft Auto
doing,516.0,,Grand Theft Auto
discord,511.0,,Grand Theft Auto
try,510.0,,Grand Theft Auto
xbox,509.0,219.0,Grand Theft Auto
trying,508.0,,Grand Theft Auto
think,496.0,53.0,Grand Theft Auto
start,491.0,52.0,Grand Theft Auto
thanks,487.0,,Grand Theft Auto
epic,487.0,173.0,Grand Theft Auto
good,486.0,69.0,Grand Theft Auto
mods,485.0,129.0,Grand Theft Auto
work,477.0,59.0,Grand Theft Auto
auto,474.0,81.0,Grand Theft Auto
deleted,473.0,,Grand Theft Auto
club,473.0,109.0,Grand Theft Auto
player,472.0,157.0,Grand Theft Auto
im,466.0,,Grand Theft Auto
looking,462.0,162.0,Grand Theft Auto
guys,456.0,,Grand Theft Auto
says,441.0,,Grand Theft Auto
youtube,437.0,,Grand Theft Auto
played,437.0,,Grand Theft Auto
join,432.0,56.0,Grand Theft Auto
going,432.0,,Grand Theft Auto
friends,429.0,69.0,Grand Theft Auto
character,426.0,98.0,Grand Theft Auto
able,413.0,,Grand Theft Auto
thing,408.0,,Grand Theft Auto
didn,403.0,,Grand Theft Auto
version,403.0,85.0,Grand Theft Auto
recently,402.0,,Grand Theft Auto
players,400.0,82.0,Grand Theft Auto
started,400.0,,Grand Theft Auto
right,384.0,,Grand Theft Auto
friend,380.0,,Grand Theft Auto
png,377.0,,Grand Theft Auto
doesn,376.0,,Grand Theft Auto
mod,372.0,120.0,Grand Theft Auto
10,372.0,,Grand Theft Auto
let,366.0,,Grand Theft Auto
issue,363.0,71.0,Grand Theft Auto
vehicles,362.0,58.0,Grand Theft Auto
fps,359.0,94.0,Grand Theft Auto
wondering,359.0,,Grand Theft Auto
wanted,358.0,,Grand Theft Auto
years,358.0,,Grand Theft Auto
social,357.0,91.0,Grand Theft Auto
settings,357.0,,Grand Theft Auto
having,354.0,50.0,Grand Theft Auto
lot,353.0,,Grand Theft Auto
question,,235.0,Grand Theft Auto
casino,,204.0,Grand Theft Auto
best,,150.0,Grand Theft Auto
glitch,,133.0,Grand Theft Auto
crew,,99.0,Grand Theft Auto
gtav,,98.0,Grand Theft Auto
bug,,90.0,Grand Theft Auto
gta5,,87.0,Grand Theft Auto
single,,83.0,Grand Theft Auto
update,,81.0,Grand Theft Auto
rp,,75.0,Grand Theft Auto
criminal,,73.0,Grand Theft Auto
vehicle,,72.0,Grand Theft Auto
server,,72.0,Grand Theft Auto
grand,,71.0,Grand Theft Auto
cayo,,69.0,Grand Theft Auto
error,,69.0,Grand Theft Auto
theft,,69.0,Grand Theft Auto
premium,,68.0,Grand Theft Auto
arcade,,66.0,Grand Theft Auto
loading,,65.0,Grand Theft Auto
bunker,,64.0,Grand Theft Auto
perico,,63.0,Grand Theft Auto
working,,63.0,Grand Theft Auto
issues,,60.0,Grand Theft Auto
won,,59.0,Grand Theft Auto
edition,,59.0,Grand Theft Auto
run,,58.0,Grand Theft Auto
heists,,58.0,Grand Theft Auto
pack,,58.0,Grand Theft Auto
prime,,57.0,Grand Theft Auto
twitch,,56.0,Grand Theft Auto
stuck,,54.0,Grand Theft Auto
low,,53.0,Grand Theft Auto
diamond,,53.0,Grand Theft Auto
crashing,,53.0,Grand Theft Auto
100,,50.0,Grand Theft Auto
transfer,,50.0,Grand Theft Auto
